<?xml version="1.0" encoding="UTF-8" ?>
<!DOCTYPE struts PUBLIC
	"-//Apache Software Foundation//DTD Struts Configuration 2.3//EN"
	"http://struts.apache.org/dtds/struts-2.3.dtd">

<struts>
	<!-- 修改动态方法的调用,true 动态方法，false 非动态方法 -->
	<constant name="struts.enable.DynamicMethodInvocation" value="true"/>
	
    <package name="default" namespace="/" extends="struts-default">
    
    	<!--http://localhost:8080/user_strus-hibernate/user!  -->
		<action name="user!*" class="userAction" method="{1}">
			<result name="list">/list.jsp</result>
			<result name="add">/add.jsp</result>
			<result name="edit">/edit.jsp</result>
			<result name="info">/info.jsp</result>
			<result name="analyze">/analyze.jsp</result>
		</action>
    </package>
</struts>